city,lat,lng,country,iso2,admin_name,capital,population,population_proper
London,51.5072,-0.1275,United Kingdom,GB,"London, City of",primary,11262000,8825001
Birmingham,52.48,-1.9025,United Kingdom,GB,Birmingham,nan,2919600,1137100
Portsmouth,50.8058,-1.0872,United Kingdom,GB,Portsmouth,nan,855679,248440
Southampton,50.9025,-1.4042,United Kingdom,GB,Southampton,nan,855569,271173
Nottingham,52.9561,-1.1512,United Kingdom,GB,Nottingham,nan,729977,289301
Bristol,51.4536,-2.5975,United Kingdom,GB,"Bristol, City of",nan,707412,472465
Manchester,53.479,-2.2452,United Kingdom,GB,Manchester,nan,547627,547627
Liverpool,53.4094,-2.9785,United Kingdom,GB,Liverpool,nan,513441,513441
Leicester,52.6344,-1.1319,United Kingdom,GB,Leicester,nan,508916,464395
Worthing,50.8147,-0.3714,United Kingdom,GB,West Sussex,nan,474485,109120
Coventry,52.4081,-1.5106,United Kingdom,GB,Coventry,nan,362690,362690
Belfast,54.5964,-5.93,United Kingdom,GB,Belfast,nan,345006,345006
Bradford,53.8,-1.75,United Kingdom,GB,Bradford,nan,293277,293277
Derby,52.9247,-1.478,United Kingdom,GB,Derby,nan,270468,255394
Plymouth,50.3714,-4.1422,United Kingdom,GB,Plymouth,nan,267918,267918
Westminster,51.4947,-0.1353,United Kingdom,GB,Westminster,nan,255324,255324
Wolverhampton,52.5833,-2.1333,United Kingdom,GB,Wolverhampton,nan,250970,250970
Northampton,52.2304,-0.8938,United Kingdom,GB,Northamptonshire,nan,245899,245899
Norwich,52.6286,1.2928,United Kingdom,GB,Norfolk,nan,213166,195971
Luton,51.8783,-0.4147,United Kingdom,GB,Luton,nan,213052,213052
Solihull,52.413,-1.778,United Kingdom,GB,Solihull,nan,206674,206674
Islington,51.544,-0.1027,United Kingdom,GB,Islington,nan,206125,206125
Aberdeen,57.15,-2.11,United Kingdom,GB,Aberdeen City,nan,200680,200680
Croydon,51.3727,-0.1099,United Kingdom,GB,Croydon,nan,192064,192064
Bournemouth,50.72,-1.88,United Kingdom,GB,nan,nan,187503,187503
Basildon,51.58,0.49,United Kingdom,GB,Essex,nan,185900,185900
Maidstone,51.272,0.529,United Kingdom,GB,Kent,nan,176700,176700
Ilford,51.5575,0.0858,United Kingdom,GB,Redbridge,nan,168168,168168
Warrington,53.39,-2.59,United Kingdom,GB,Warrington,nan,165456,165456
Oxford,51.75,-1.25,United Kingdom,GB,Oxfordshire,nan,152000,152000
Harrow,51.5836,-0.3464,United Kingdom,GB,Harrow,nan,149246,149246
West Bromwich,52.519,-1.995,United Kingdom,GB,Sandwell,nan,146386,146386
Gloucester,51.8667,-2.25,United Kingdom,GB,Gloucestershire,nan,145563,145563
York,53.96,-1.08,United Kingdom,GB,York,nan,141685,141685
Blackpool,53.8142,-3.0503,United Kingdom,GB,Blackpool,nan,139305,139305
Stockport,53.4083,-2.1494,United Kingdom,GB,Stockport,nan,137130,137130
Sale,53.424,-2.322,United Kingdom,GB,Trafford,nan,134022,134022
Tottenham,51.5975,-0.0681,United Kingdom,GB,Haringey,nan,129237,129237
Cambridge,52.2053,0.1192,United Kingdom,GB,Cambridgeshire,nan,123867,123867
Romford,51.5768,0.1801,United Kingdom,GB,Havering,nan,122854,122854
Colchester,51.8917,0.903,United Kingdom,GB,Essex,nan,121859,121859
High Wycombe,51.6287,-0.7482,United Kingdom,GB,Buckinghamshire,nan,120256,120256
Gateshead,54.9556,-1.6,United Kingdom,GB,Gateshead,nan,120046,120046
Slough,51.5084,-0.5881,United Kingdom,GB,Slough,nan,119070,119070
Blackburn,53.748,-2.482,United Kingdom,GB,Blackburn with Darwen,nan,117963,117963
Chelmsford,51.73,0.48,United Kingdom,GB,Essex,nan,115369,115369
Rochdale,53.61,-2.16,United Kingdom,GB,Rochdale,nan,110194,110194
Rotherham,53.43,-1.357,United Kingdom,GB,Rotherham,nan,109691,109691
Walthamstow,51.584,-0.021,United Kingdom,GB,Waltham Forest,nan,109424,109424
Basingstoke,51.2667,-1.0876,United Kingdom,GB,Hampshire,nan,107355,107355
Salford,53.483,-2.2931,United Kingdom,GB,Salford,nan,103886,103886
Hounslow,51.4668,-0.375,United Kingdom,GB,Hounslow,nan,103337,103337
Wembley,51.5528,-0.2979,United Kingdom,GB,Brent,nan,102856,102856
Worcester,52.1911,-2.2206,United Kingdom,GB,Worcestershire,nan,101891,101891
Hammersmith,51.4928,-0.2229,United Kingdom,GB,Hammersmith and Fulham,nan,95996,95996
Rayleigh,51.5864,0.6049,United Kingdom,GB,Essex,nan,95580,95580
Hemel Hempstead,51.7526,-0.4692,United Kingdom,GB,Hertfordshire,nan,94932,94932
Bath,51.38,-2.36,United Kingdom,GB,Bath and North East Somerset,nan,94782,94782
Hayes,51.5127,-0.4211,United Kingdom,GB,Hillingdon,nan,93928,93928
Darlington,54.527,-1.5526,United Kingdom,GB,Darlington,nan,93015,93015
Hove,50.8352,-0.1758,United Kingdom,GB,Brighton and Hove,nan,91900,91900
Hastings,50.85,0.57,United Kingdom,GB,East Sussex,nan,91053,91053
Watford,51.655,-0.3957,United Kingdom,GB,Hertfordshire,nan,90301,90301
Stevenage,51.9017,-0.2019,United Kingdom,GB,Hertfordshire,nan,89663,89663
Hartlepool,54.69,-1.21,United Kingdom,GB,Hartlepool,nan,87995,87995
Chester,53.19,-2.89,United Kingdom,GB,Cheshire West and Chester,nan,87507,87507
Fulham,51.4828,-0.195,United Kingdom,GB,Hammersmith and Fulham,nan,87161,87161
Nuneaton,52.523,-1.468,United Kingdom,GB,Warwickshire,nan,86552,86552
Ealing,51.5175,-0.2988,United Kingdom,GB,Ealing,nan,85014,85014
Aylesbury,51.8168,-0.8124,United Kingdom,GB,Buckinghamshire,nan,83407,83407
Edmonton,51.6154,-0.0708,United Kingdom,GB,Enfield,nan,82472,82472
Saint Albans,51.755,-0.336,United Kingdom,GB,Hertfordshire,nan,82146,82146
Burnley,53.789,-2.248,United Kingdom,GB,Lancashire,nan,82002,82002
Batley,53.7167,-1.6356,United Kingdom,GB,Kirklees,nan,80485,80485
Scunthorpe,53.5809,-0.6502,United Kingdom,GB,North Lincolnshire,nan,79977,79977
Dudley,52.508,-2.089,United Kingdom,GB,Dudley,nan,79379,79379
Brixton,51.4575,-0.1175,United Kingdom,GB,Lambeth,nan,78536,78536
Southall,51.5111,-0.3756,United Kingdom,GB,Ealing,nan,78253,78253
Paisley,55.8456,-4.4239,United Kingdom,GB,Renfrewshire,nan,77220,77220
Chatham,51.37,0.52,United Kingdom,GB,Medway,nan,76792,76792
East Ham,51.5323,0.0554,United Kingdom,GB,Newham,nan,76186,76186
Weston-super-Mare,51.346,-2.977,United Kingdom,GB,North Somerset,nan,76143,76143
Carlisle,54.8947,-2.9364,United Kingdom,GB,Cumbria,nan,75399,75399
South Shields,54.995,-1.43,United Kingdom,GB,South Tyneside,nan,75337,75337
East Kilbride,55.7644,-4.1769,United Kingdom,GB,South Lanarkshire,nan,75120,75120
Burton upon Trent,52.8019,-1.6367,United Kingdom,GB,Staffordshire,nan,75074,75074
Harrogate,53.9919,-1.5378,United Kingdom,GB,North Yorkshire,nan,73576,73576
Crewe,53.099,-2.44,United Kingdom,GB,Cheshire East,nan,73241,73241
Lowestoft,52.48,1.75,United Kingdom,GB,Suffolk,nan,70945,70945
Rugby,52.37,-1.26,United Kingdom,GB,Warwickshire,nan,70627,70627
Chingford,51.623,0.009,United Kingdom,GB,Waltham Forest,nan,70583,70583
Uxbridge,51.5404,-0.4778,United Kingdom,GB,Hillingdon,nan,70560,70560
Walsall,52.58,-1.98,United Kingdom,GB,Walsall,nan,67594,67594
Grays,51.475,0.33,United Kingdom,GB,Thurrock,nan,66843,66843
Walton upon Thames,51.3868,-0.4133,United Kingdom,GB,Surrey,nan,66566,66566
Thornton Heath,51.4002,-0.1086,United Kingdom,GB,Croydon,nan,65812,65812
Finchley,51.599,-0.187,United Kingdom,GB,Barnet,nan,65812,65812
Kensington,51.5,-0.19,United Kingdom,GB,Kensington and Chelsea,nan,64681,64681
Boston,52.974,-0.0214,United Kingdom,GB,Lincolnshire,nan,64600,64600
Paignton,50.4353,-3.5625,United Kingdom,GB,Devon,nan,64410,64410
Waterlooville,50.88,-1.03,United Kingdom,GB,Hampshire,nan,64350,64350
Guiseley,53.875,-1.706,United Kingdom,GB,Leeds,nan,64000,64000
Hornchurch,51.5565,0.2128,United Kingdom,GB,Havering,nan,63583,63583
Mitcham,51.4009,-0.1517,United Kingdom,GB,Merton,nan,63393,63393
Feltham,51.4496,-0.4089,United Kingdom,GB,Hounslow,nan,63368,63368
Stourbridge,52.4575,-2.1479,United Kingdom,GB,Dudley,nan,63298,63298
Rochester,51.375,0.5,United Kingdom,GB,Medway,nan,62982,62982
Dewsbury,53.691,-1.633,United Kingdom,GB,Kirklees,nan,62945,62945
Acton,51.5135,-0.2707,United Kingdom,GB,Ealing,nan,62480,62480
Twickenham,51.449,-0.337,United Kingdom,GB,Richmond upon Thames,nan,62148,62148
Wrecsam,53.046,-2.993,United Kingdom,GB,Wrexham,nan,61603,61603
Ellesmere Port,53.279,-2.897,United Kingdom,GB,Cheshire West and Chester,nan,61090,61090
Bangor,54.66,-5.67,United Kingdom,GB,Ards and North Down,nan,61011,61011
Taunton,51.019,-3.1,United Kingdom,GB,Somerset,nan,60479,60479
Loughborough,52.7725,-1.2078,United Kingdom,GB,Leicestershire,nan,59932,59932
Barking,51.54,0.08,United Kingdom,GB,Barking and Dagenham,nan,59068,59068
Edgware,51.6185,-0.2729,United Kingdom,GB,Barnet,nan,58619,58619
Littlehampton,50.8094,-0.5409,United Kingdom,GB,West Sussex,nan,58357,58357
Ruislip,51.576,-0.433,United Kingdom,GB,Hillingdon,nan,58217,58217
Streatham,51.4279,-0.1235,United Kingdom,GB,Lambeth,nan,58055,58055
Royal Tunbridge Wells,51.132,0.263,United Kingdom,GB,Kent,nan,57772,57772
Bebington,53.35,-3.003,United Kingdom,GB,Wirral,nan,57336,57336
Macclesfield,53.25,-2.13,United Kingdom,GB,Cheshire East,nan,56581,56581
Wellingborough,52.3028,-0.6944,United Kingdom,GB,Northamptonshire,nan,56564,56564
Kettering,52.3931,-0.7229,United Kingdom,GB,Northamptonshire,nan,56226,56226
Braintree,51.878,0.55,United Kingdom,GB,Essex,nan,55792,55792
Royal Leamington Spa,52.2919,-1.5358,United Kingdom,GB,Warwickshire,nan,55733,55733
Barrow in Furness,54.1108,-3.2261,United Kingdom,GB,Cumbria,nan,55489,55489
Dunfermline,56.0719,-3.4393,United Kingdom,GB,Fife,nan,53100,53100
Altrincham,53.3838,-2.3547,United Kingdom,GB,Trafford,nan,52419,52419
Lancaster,54.0489,-2.8014,United Kingdom,GB,Lancashire,nan,52234,52234
Crosby,53.4872,-3.0343,United Kingdom,GB,Sefton,nan,51789,51789
Bootle,53.4457,-2.9891,United Kingdom,GB,Sefton,nan,51394,51394
Stratford,51.5423,-0.0026,United Kingdom,GB,Newham,nan,51387,51387
Folkestone,51.0792,1.1794,United Kingdom,GB,Kent,nan,51337,51337
Cumbernauld,55.945,-3.994,United Kingdom,GB,North Lanarkshire,nan,50920,50920
Andover,51.208,-1.48,United Kingdom,GB,Hampshire,nan,50887,50887
Neath,51.66,-3.81,United Kingdom,GB,Neath Port Talbot,nan,50658,50658
Rowley Regis,52.488,-2.05,United Kingdom,GB,Sandwell,nan,50257,50257
Scarborough,54.2825,-0.4,United Kingdom,GB,North Yorkshire,nan,50135,50135
Leith,55.98,-3.17,United Kingdom,GB,"Edinburgh, City of",nan,50030,50030
Yeovil,50.9452,-2.637,United Kingdom,GB,Somerset,nan,49698,49698
Eltham,51.451,0.052,United Kingdom,GB,Greenwich,nan,48964,48964
Hampstead,51.5541,-0.1744,United Kingdom,GB,Camden,nan,48858,48858
Sutton in Ashfield,53.125,-1.261,United Kingdom,GB,Nottinghamshire,nan,48527,48527
Morden,51.4015,-0.1949,United Kingdom,GB,Merton,nan,48233,48233
Barnet,51.6444,-0.1997,United Kingdom,GB,Barnet,nan,47359,47359
Stretford,53.4466,-2.3086,United Kingdom,GB,Trafford,nan,46910,46910
Beckenham,51.408,-0.022,United Kingdom,GB,Bromley,nan,46844,46844
Greenford,51.5299,-0.3488,United Kingdom,GB,Ealing,nan,46787,46787
Cheshunt,51.702,-0.035,United Kingdom,GB,Hertfordshire,nan,45832,45832
Kirkby,53.48,-2.89,United Kingdom,GB,Knowsley,nan,45564,45564
Salisbury,51.07,-1.79,United Kingdom,GB,Wiltshire,nan,45477,45477
Ashton,53.4897,-2.0952,United Kingdom,GB,Tameside,nan,45198,45198
Surbiton,51.394,-0.307,United Kingdom,GB,Kingston upon Thames,nan,45132,45132
Castleford,53.716,-1.356,United Kingdom,GB,Wakefield,nan,45106,45106
Catford,51.4452,-0.0207,United Kingdom,GB,Lewisham,nan,44905,44905
Worksop,53.3042,-1.1244,United Kingdom,GB,Nottinghamshire,nan,44733,44733
Morley,53.7492,-1.6023,United Kingdom,GB,Leeds,nan,44440,44440
Merthyr Tudful,51.743,-3.378,United Kingdom,GB,Merthyr Tydfil,nan,43820,43820
Middleton,53.555,-2.187,United Kingdom,GB,Rochdale,nan,42972,42972
Fleet,51.2834,-0.8456,United Kingdom,GB,Hampshire,nan,42835,42835
Fareham,50.85,-1.18,United Kingdom,GB,Hampshire,nan,42210,42210
Urmston,53.4487,-2.3747,United Kingdom,GB,Trafford,nan,41825,41825
Sutton,51.3656,-0.1963,United Kingdom,GB,Sutton,nan,41483,41483
Caerphilly,51.578,-3.218,United Kingdom,GB,Caerphilly,nan,41402,41402
Bridgwater,51.128,-2.993,United Kingdom,GB,Somerset,nan,41276,41276
Newbury,51.401,-1.323,United Kingdom,GB,West Berkshire,nan,41075,41075
Welling,51.4594,0.1097,United Kingdom,GB,Bexley,nan,41000,41000
Kingswood,51.46,-2.505,United Kingdom,GB,South Gloucestershire,nan,40734,40734
Dunstable,51.886,-0.521,United Kingdom,GB,Central Bedfordshire,nan,40699,40699
Ramsgate,51.336,1.416,United Kingdom,GB,Kent,nan,40408,40408
Strood,51.393,0.478,United Kingdom,GB,Medway,nan,40000,40000
Cleethorpes,53.5533,-0.0215,United Kingdom,GB,North East Lincolnshire,nan,38996,38996
Pinner,51.5932,-0.3894,United Kingdom,GB,Harrow,nan,38698,38698
Great Yarmouth,52.606,1.729,United Kingdom,GB,Norfolk,nan,38693,38693
Ilkeston,52.9711,-1.3092,United Kingdom,GB,Derbyshire,nan,38640,38640
Chorley,53.653,-2.632,United Kingdom,GB,Lancashire,nan,38420,38420
Herne Bay,51.37,1.13,United Kingdom,GB,Kent,nan,38385,38385
Bishops Stortford,51.872,0.1725,United Kingdom,GB,Hertfordshire,nan,38202,38202
Arnold,53.005,-1.127,United Kingdom,GB,Nottinghamshire,nan,37768,37768
Coalville,52.724,-1.369,United Kingdom,GB,Leicestershire,nan,37661,37661
Bletchley,51.994,-0.732,United Kingdom,GB,Milton Keynes,nan,37520,37520
Leighton Buzzard,51.9165,-0.6617,United Kingdom,GB,Central Bedfordshire,nan,37469,37469
Airdrie,55.86,-3.98,United Kingdom,GB,North Lanarkshire,nan,37410,37410
Blyth,55.126,-1.514,United Kingdom,GB,Northumberland,nan,37339,37339
Laindon,51.574,0.4181,United Kingdom,GB,Essex,nan,37175,37175
Llanelli,51.684,-4.163,United Kingdom,GB,Carmarthenshire,nan,37050,37050
Beeston,52.927,-1.215,United Kingdom,GB,Nottinghamshire,nan,37000,37000
Small Heath,52.4629,-1.8542,United Kingdom,GB,Birmingham,nan,36898,36898
Whitley Bay,55.0456,-1.4443,United Kingdom,GB,North Tyneside,nan,36623,36623
Denton,53.4554,-2.1122,United Kingdom,GB,Tameside,nan,36591,36591
West Bridgford,52.932,-1.127,United Kingdom,GB,Nottinghamshire,nan,36487,36487
Borehamwood,51.6578,-0.2722,United Kingdom,GB,Hertfordshire,nan,36322,36322
Falkirk,56.0011,-3.7835,United Kingdom,GB,Falkirk,nan,35850,35850
Walkden,53.5239,-2.3991,United Kingdom,GB,Salford,nan,35616,35616
Kenton,51.5878,-0.3086,United Kingdom,GB,Brent,nan,35600,35600
Bridlington,54.0819,-0.1923,United Kingdom,GB,East Riding of Yorkshire,nan,35264,35264
Billingham,54.61,-1.27,United Kingdom,GB,Stockton-on-Tees,nan,35165,35165
Grantham,52.918,-0.638,United Kingdom,GB,Lincolnshire,nan,34592,34592
North Shields,55.0097,-1.4448,United Kingdom,GB,North Tyneside,nan,34423,34423
Hitchin,51.947,-0.283,United Kingdom,GB,Hertfordshire,nan,34266,34266
Spalding,52.7858,-0.1529,United Kingdom,GB,Lincolnshire,nan,34113,34113
Rainham,51.36,0.61,United Kingdom,GB,Medway,nan,34088,34088
Letchworth,51.978,-0.23,United Kingdom,GB,Hertfordshire,nan,33986,33986
Wickford,51.6114,0.5207,United Kingdom,GB,Essex,nan,33486,33486
Huyton,53.4111,-2.8403,United Kingdom,GB,Knowsley,nan,33193,33193
Abingdon,51.6717,-1.2783,United Kingdom,GB,Oxfordshire,nan,33130,33130
Trowbridge,51.32,-2.208,United Kingdom,GB,Wiltshire,nan,33108,33108
Wigston Magna,52.5812,-1.093,United Kingdom,GB,Leicestershire,nan,32321,32321
Didcot,51.606,-1.241,United Kingdom,GB,Oxfordshire,nan,32183,32183
Earley,51.433,-0.933,United Kingdom,GB,Wokingham,nan,32036,32036
Bexleyheath,51.459,0.138,United Kingdom,GB,Bexley,nan,31929,31929
Ecclesfield,53.4429,-1.4698,United Kingdom,GB,Sheffield,nan,31609,31609
Darwen,53.698,-2.461,United Kingdom,GB,Blackburn with Darwen,nan,31570,31570
Prestwich,53.5333,-2.2833,United Kingdom,GB,Bury,nan,31500,31500
Pontypridd,51.602,-3.342,United Kingdom,GB,Rhondda Cynon Taff,nan,31206,31206
Rutherglen,55.828,-4.214,United Kingdom,GB,Glasgow City,nan,31190,31190
Dover,51.1295,1.3089,United Kingdom,GB,Kent,nan,31022,31022
Chichester,50.8365,-0.7792,United Kingdom,GB,West Sussex,nan,30925,30925
Deal,51.2226,1.4006,United Kingdom,GB,Kent,nan,30917,30917
Bicester,51.9,-1.15,United Kingdom,GB,Oxfordshire,nan,30854,30854
Northolt,51.5467,-0.37,United Kingdom,GB,Ealing,nan,30304,30304
Wishaw,55.7742,-3.9183,United Kingdom,GB,North Lanarkshire,nan,30290,30290
Carshalton,51.3652,-0.1676,United Kingdom,GB,Sutton,nan,29917,29917
Bulwell,53.001,-1.197,United Kingdom,GB,Nottingham,nan,29771,29771
Newtownards,54.591,-5.68,United Kingdom,GB,Ards and North Down,nan,29677,29677
Kendal,54.326,-2.745,United Kingdom,GB,Cumbria,nan,29593,29593
Cramlington,55.082,-1.585,United Kingdom,GB,Northumberland,nan,29405,29405
Bromsgrove,52.3353,-2.0579,United Kingdom,GB,Worcestershire,nan,29237,29237
Pont-y-pŵl,51.703,-3.041,United Kingdom,GB,Torfaen,nan,29062,29062
Hanwell,51.509,-0.338,United Kingdom,GB,Ealing,nan,28768,28768
Frome,51.2279,-2.3215,United Kingdom,GB,Somerset,nan,28559,28559
Wood Green,51.5981,-0.1149,United Kingdom,GB,Haringey,nan,28453,28453
Darlaston,52.5708,-2.0457,United Kingdom,GB,Walsall,nan,27821,27821
Ashington,55.181,-1.568,United Kingdom,GB,Northumberland,nan,27764,27764
Longton,52.9877,-2.1327,United Kingdom,GB,Stoke-on-Trent,nan,27214,27214
Melton Mowbray,52.7661,-0.886,United Kingdom,GB,Leicestershire,nan,27158,27158
Aldridge,52.606,-1.9179,United Kingdom,GB,Walsall,nan,26988,26988
Farnworth,53.5452,-2.3999,United Kingdom,GB,Bolton,nan,26939,26939
Highbury,51.552,-0.097,United Kingdom,GB,Islington,nan,26664,26664
Cheadle Hulme,53.3761,-2.1897,United Kingdom,GB,Stockport,nan,26479,26479
Newton Aycliffe,54.62,-1.58,United Kingdom,GB,Durham,nan,26415,26415
Bournville,52.4299,-1.9355,United Kingdom,GB,Birmingham,nan,25938,25938
Shenley Brook End,52.009,-0.789,United Kingdom,GB,Milton Keynes,nan,25828,25828
Consett,54.85,-1.83,United Kingdom,GB,Durham,nan,25812,25812
Coulsdon,51.3211,-0.1386,United Kingdom,GB,Croydon,nan,25695,25695
Bilston,52.566,-2.0728,United Kingdom,GB,Wolverhampton,nan,25576,25576
Wellington,52.7001,-2.5157,United Kingdom,GB,Telford and Wrekin,nan,25554,25554
Bishop Auckland,54.663,-1.676,United Kingdom,GB,Durham,nan,25455,25455
Longbridge,52.395,-1.979,United Kingdom,GB,Birmingham,nan,25410,25410
Bloxwich,52.614,-2.004,United Kingdom,GB,Walsall,nan,25401,25401
Upminster,51.5557,0.2512,United Kingdom,GB,Havering,nan,25361,25361
Rhyl,53.321,-3.48,United Kingdom,GB,Denbighshire,nan,25149,25149
Droitwich,52.267,-2.153,United Kingdom,GB,Worcestershire,nan,25027,25027
Hindley,53.5355,-2.5658,United Kingdom,GB,Wigan,nan,25001,25001
Westhoughton,53.549,-2.529,United Kingdom,GB,Bolton,nan,24974,24974
Broadstairs,51.3589,1.4394,United Kingdom,GB,Kent,nan,24903,24903
